{"cameraMode":{"drawMode":0,"name":"Shaded","section":"Shading Mode"},"sceneLighting":true,"audioPlay":false,"sceneViewState":{"showFog":true,"showMaterialUpdate":false,"showSkybox":true,"showFlares":true,"showImageEffects":true,"showParticleSystems":true},"in2DMode":false,"pivot":{"x":-5.972560882568359,"y":0.17203903198242188,"z":-0.1599999964237213},"rotation":{"x":-0.00006522400508401915,"y":0.9990529417991638,"z":-0.0014986053574830294,"w":-0.04348616302013397},"size":182.37911987304688,"orthographic":false}